-- phpMyAdmin SQL Dump
-- version 5.2.1
-- https://www.phpmyadmin.net/
--
-- Servidor: db
-- Tiempo de generación: 21-11-2024 a las 08:37:08
-- Versión del servidor: 8.0.40
-- Versión de PHP: 8.2.8

SET SQL_MODE = "NO_AUTO_VALUE_ON_ZERO";
START TRANSACTION;
SET time_zone = "+00:00";


/*!40101 SET @OLD_CHARACTER_SET_CLIENT=@@CHARACTER_SET_CLIENT */;
/*!40101 SET @OLD_CHARACTER_SET_RESULTS=@@CHARACTER_SET_RESULTS */;
/*!40101 SET @OLD_COLLATION_CONNECTION=@@COLLATION_CONNECTION */;
/*!40101 SET NAMES utf8mb4 */;

--
-- Base de datos: `db_restpro`
--

-- --------------------------------------------------------

--
-- Estructura de tabla para la tabla `areas`
--

CREATE TABLE `areas` (
  `id` int NOT NULL,
  `nombre` varchar(50) NOT NULL COMMENT 'Nombre de area',
  `descripcion` varchar(250) NOT NULL COMMENT 'Descripcion de area'
) ENGINE=InnoDB DEFAULT CHARSET=utf8mb4 COLLATE=utf8mb4_0900_ai_ci;

--
-- Volcado de datos para la tabla `areas`
--

INSERT INTO `areas` (`id`, `nombre`, `descripcion`) VALUES
(1, 'Salon', 'Salon principal'),
(2, 'Terraza 1', 'Area de fumar'),
(3, 'Terraza 2', 'Zona de fumar, area abierta\r\n'),
(4, 'Mezzanin', 'Area infantil');

-- --------------------------------------------------------

--
-- Estructura de tabla para la tabla `asignacion_mesas`
--

CREATE TABLE `asignacion_mesas` (
  `id` int NOT NULL,
  `mesa_id` int DEFAULT NULL,
  `estacion_id` int DEFAULT NULL,
  `rol_id` int DEFAULT NULL
) ENGINE=InnoDB DEFAULT CHARSET=utf8mb4 COLLATE=utf8mb4_0900_ai_ci;

--
-- Volcado de datos para la tabla `asignacion_mesas`
--

INSERT INTO `asignacion_mesas` (`id`, `mesa_id`, `estacion_id`, `rol_id`) VALUES
(1, 1, 1, 1),
(2, 2, 1, 1),
(3, 4, 1, 1),
(4, 11, 1, 1),
(5, 3, 2, 1),
(6, 12, 2, 1),
(7, 13, 2, 1),
(8, 6, 2, 1),
(9, 8, 3, 1),
(10, 7, 3, 1),
(11, 14, 3, 1),
(12, 15, 3, 1),
(13, 10, 4, 1),
(14, 9, 4, 1),
(15, 16, 4, 1),
(16, 17, 4, 1),
(17, 18, 5, 1),
(18, 19, 5, 1),
(19, 24, 5, 1),
(20, 20, 6, 1),
(21, 25, 6, 1),
(22, 26, 6, 1),
(23, 21, 7, 1),
(24, 27, 7, 1),
(25, 28, 7, 1),
(26, 22, 8, 1),
(27, 23, 8, 1),
(28, 29, 8, 1),
(29, 5, 14, 1),
(30, 48, 14, 1),
(31, 51, 14, 1),
(32, 52, 14, 1),
(33, 54, 15, 1),
(34, 55, 15, 1),
(35, 56, 15, 1),
(36, 53, 15, 1),
(37, 49, 16, 1),
(38, 50, 16, 1),
(39, 57, 16, 1),
(40, 58, 17, 1),
(41, 59, 17, 1),
(42, 60, 17, 1),
(43, 63, 17, 1),
(44, 61, 18, 1),
(45, 62, 18, 1),
(46, 64, 18, 1),
(47, 65, 18, 1),
(48, 66, 19, 1),
(49, 70, 19, 1),
(50, 71, 19, 1),
(51, 67, 20, 1),
(52, 68, 20, 1),
(53, 72, 20, 1),
(54, 73, 20, 1),
(55, 69, 21, 1),
(56, 74, 21, 1),
(57, 79, 21, 1),
(58, 81, 22, 1),
(59, 80, 22, 1),
(60, 75, 22, 1),
(61, 76, 22, 1),
(62, 77, 23, 1),
(63, 78, 23, 1),
(64, 82, 23, 1),
(65, 83, 23, 1),
(66, 30, 9, 1),
(67, 31, 9, 1),
(68, 32, 9, 1),
(69, 36, 9, 1),
(70, 34, 10, 1),
(71, 35, 10, 1),
(72, 41, 10, 1),
(73, 38, 10, 1),
(74, 33, 11, 1),
(75, 37, 11, 1),
(76, 39, 11, 1),
(77, 40, 11, 1),
(78, 42, 12, 1),
(79, 45, 12, 1),
(80, 46, 12, 1),
(81, 47, 13, 1),
(82, 44, 13, 1),
(83, 43, 13, 1),
(84, 1, 1, 2),
(85, 2, 1, 2),
(86, 3, 1, 2),
(87, 4, 1, 2),
(88, 5, 2, 2),
(89, 6, 2, 2),
(90, 7, 2, 2),
(91, 8, 2, 2),
(92, 9, 3, 2),
(93, 10, 3, 2),
(94, 11, 3, 2),
(95, 12, 3, 2),
(96, 13, 4, 2),
(97, 14, 4, 2),
(98, 15, 4, 2),
(99, 16, 4, 2),
(100, 17, 5, 2),
(101, 18, 5, 2),
(102, 19, 5, 2),
(103, 20, 5, 2),
(104, 21, 6, 2),
(105, 22, 6, 2),
(106, 23, 6, 2),
(107, 24, 6, 2),
(108, 25, 7, 2),
(109, 26, 7, 2),
(110, 27, 7, 2),
(111, 28, 7, 2),
(112, 29, 8, 2),
(113, 30, 8, 2),
(114, 31, 8, 2),
(115, 32, 8, 2),
(116, 33, 9, 2),
(117, 34, 9, 2),
(118, 35, 9, 2),
(119, 36, 9, 2),
(120, 37, 10, 2),
(121, 38, 10, 2),
(122, 39, 10, 2),
(123, 40, 10, 2),
(124, 41, 11, 2),
(125, 42, 11, 2),
(126, 43, 11, 2),
(127, 44, 11, 2),
(128, 45, 12, 2),
(129, 46, 12, 2),
(130, 47, 12, 2),
(131, 48, 12, 2),
(132, 49, 13, 2),
(133, 50, 13, 2),
(134, 51, 13, 2),
(135, 52, 13, 2),
(136, 53, 14, 2),
(137, 54, 14, 2),
(138, 55, 14, 2),
(139, 56, 14, 2),
(140, 57, 15, 2),
(141, 58, 15, 2),
(142, 59, 15, 2),
(143, 60, 15, 2),
(144, 61, 16, 2),
(145, 62, 16, 2),
(146, 63, 16, 2),
(147, 64, 16, 2),
(148, 65, 17, 2),
(149, 66, 17, 2),
(150, 67, 17, 2),
(151, 68, 17, 2),
(152, 69, 18, 2),
(153, 70, 18, 2),
(154, 71, 18, 2),
(155, 72, 18, 2),
(156, 73, 19, 2),
(157, 74, 19, 2),
(158, 75, 19, 2),
(159, 76, 19, 2),
(160, 77, 20, 2),
(161, 78, 20, 2),
(162, 79, 20, 2),
(163, 80, 20, 2),
(164, 81, 21, 2),
(165, 82, 21, 2),
(166, 83, 21, 2),
(418, 1, 1, 3),
(419, 2, 1, 3),
(420, 3, 1, 3),
(421, 6, 1, 3),
(422, 7, 1, 3),
(423, 8, 1, 3),
(424, 9, 2, 3),
(425, 10, 2, 3),
(427, 4, 2, 3),
(428, 11, 2, 3),
(429, 12, 2, 3),
(430, 13, 3, 3),
(431, 14, 3, 3),
(432, 15, 3, 3),
(433, 16, 3, 3),
(434, 17, 3, 3),
(436, 18, 4, 3),
(437, 19, 4, 3),
(438, 20, 4, 3),
(439, 21, 4, 3),
(440, 22, 4, 3),
(441, 23, 4, 3),
(442, 24, 5, 3),
(443, 25, 5, 3),
(444, 26, 5, 3),
(445, 27, 5, 3),
(446, 28, 5, 3),
(447, 29, 5, 3),
(448, 30, 6, 3),
(449, 31, 6, 3),
(450, 32, 6, 3),
(451, 33, 6, 3),
(452, 34, 6, 3),
(453, 35, 7, 3),
(454, 36, 7, 3),
(455, 37, 7, 3),
(456, 38, 7, 3),
(457, 39, 7, 3),
(458, 40, 8, 3),
(459, 41, 8, 3),
(460, 42, 8, 3),
(461, 43, 8, 3),
(462, 44, 9, 3),
(463, 45, 9, 3),
(464, 46, 9, 3),
(465, 47, 9, 3),
(466, 5, 10, 3),
(467, 48, 10, 3),
(468, 49, 10, 3),
(469, 50, 10, 3),
(470, 51, 10, 3),
(471, 52, 11, 3),
(472, 53, 11, 3),
(473, 54, 11, 3),
(474, 55, 11, 3),
(475, 56, 11, 3),
(476, 57, 12, 3),
(477, 58, 12, 3),
(478, 59, 12, 3),
(479, 60, 12, 3),
(480, 61, 12, 3),
(481, 62, 13, 3),
(482, 63, 13, 3),
(483, 64, 13, 3),
(484, 65, 13, 3),
(485, 66, 14, 3),
(486, 67, 14, 3),
(487, 68, 14, 3),
(488, 69, 14, 3),
(489, 70, 14, 3),
(490, 71, 15, 3),
(491, 72, 15, 3),
(492, 73, 15, 3),
(493, 74, 15, 3),
(494, 75, 15, 3),
(495, 76, 16, 3),
(496, 77, 16, 3),
(497, 78, 16, 3),
(498, 79, 16, 3),
(499, 80, 17, 3),
(500, 81, 17, 3),
(501, 82, 17, 3),
(502, 83, 17, 3),
(503, 1, 1, 5),
(504, 2, 1, 5),
(505, 3, 1, 5),
(506, 6, 1, 5),
(507, 7, 2, 5),
(508, 8, 2, 5),
(509, 9, 2, 5),
(510, 10, 2, 5),
(511, 4, 3, 5),
(512, 11, 3, 5),
(513, 12, 3, 5),
(514, 13, 3, 5),
(515, 14, 4, 5),
(516, 15, 4, 5),
(517, 16, 4, 5),
(518, 17, 4, 5),
(519, 18, 5, 5),
(520, 19, 5, 5),
(521, 20, 5, 5),
(522, 21, 5, 5),
(523, 22, 6, 5),
(524, 23, 6, 5),
(525, 24, 6, 5),
(526, 25, 6, 5),
(527, 26, 7, 5),
(528, 27, 7, 5),
(529, 28, 7, 5),
(530, 29, 7, 5),
(531, 30, 8, 5),
(532, 31, 8, 5),
(533, 32, 8, 5),
(534, 33, 8, 5),
(535, 34, 9, 5),
(536, 35, 9, 5),
(537, 36, 9, 5),
(538, 37, 9, 5),
(539, 38, 10, 5),
(540, 39, 10, 5),
(541, 40, 10, 5),
(542, 41, 10, 5),
(543, 42, 11, 5),
(544, 43, 11, 5),
(545, 44, 11, 5),
(546, 45, 12, 5),
(547, 46, 12, 5),
(548, 47, 12, 5),
(549, 5, 13, 5),
(550, 48, 13, 5),
(551, 49, 13, 5),
(552, 50, 13, 5),
(553, 51, 14, 5),
(554, 52, 14, 5),
(555, 53, 14, 5),
(556, 54, 14, 5),
(557, 55, 15, 5),
(558, 56, 15, 5),
(559, 57, 15, 5),
(560, 58, 15, 5),
(561, 59, 16, 5),
(562, 60, 16, 5),
(563, 61, 16, 5),
(564, 62, 16, 5),
(565, 63, 17, 5),
(566, 64, 17, 5),
(567, 65, 17, 5),
(568, 66, 18, 5),
(569, 67, 18, 5),
(570, 68, 18, 5),
(571, 69, 18, 5),
(572, 70, 19, 5),
(573, 71, 19, 5),
(574, 72, 19, 5),
(575, 73, 19, 5),
(576, 74, 20, 5),
(577, 75, 20, 5),
(578, 76, 20, 5),
(579, 77, 20, 5),
(580, 78, 21, 5),
(581, 79, 21, 5),
(582, 80, 21, 5),
(583, 81, 22, 5),
(584, 82, 22, 5),
(585, 83, 22, 5),
(586, 1, 1, 6),
(587, 2, 1, 6),
(588, 3, 1, 6),
(589, 6, 1, 6),
(590, 7, 1, 6),
(591, 8, 1, 6),
(592, 9, 1, 6),
(593, 10, 2, 6),
(594, 4, 2, 6),
(595, 11, 2, 6),
(596, 12, 2, 6),
(597, 13, 2, 6),
(598, 14, 2, 6),
(599, 15, 2, 6),
(600, 16, 3, 6),
(601, 17, 3, 6),
(602, 18, 3, 6),
(603, 19, 3, 6),
(604, 20, 3, 6),
(605, 21, 3, 6),
(606, 22, 3, 6),
(607, 23, 4, 6),
(608, 24, 4, 6),
(609, 25, 4, 6),
(610, 26, 4, 6),
(611, 27, 4, 6),
(612, 28, 4, 6),
(613, 29, 4, 6),
(614, 30, 5, 6),
(615, 31, 5, 6),
(616, 32, 5, 6),
(617, 33, 5, 6),
(618, 34, 5, 6),
(619, 35, 6, 6),
(620, 36, 6, 6),
(621, 37, 6, 6),
(622, 38, 6, 6),
(623, 39, 6, 6),
(624, 40, 7, 6),
(625, 41, 7, 6),
(626, 42, 7, 6),
(627, 43, 7, 6),
(628, 44, 8, 6),
(629, 45, 8, 6),
(630, 46, 8, 6),
(631, 47, 8, 6),
(632, 5, 9, 6),
(633, 48, 9, 6),
(634, 49, 9, 6),
(635, 50, 9, 6),
(636, 51, 9, 6),
(637, 52, 10, 6),
(638, 53, 10, 6),
(639, 54, 10, 6),
(640, 55, 10, 6),
(641, 56, 10, 6),
(642, 57, 11, 6),
(643, 58, 11, 6),
(644, 59, 11, 6),
(645, 60, 11, 6),
(646, 61, 11, 6),
(647, 62, 12, 6),
(648, 63, 12, 6),
(649, 64, 12, 6),
(650, 65, 12, 6),
(651, 66, 13, 6),
(652, 67, 13, 6),
(653, 68, 13, 6),
(654, 69, 13, 6),
(655, 70, 13, 6),
(656, 71, 14, 6),
(657, 72, 14, 6),
(658, 73, 14, 6),
(659, 74, 14, 6),
(660, 75, 14, 6),
(661, 76, 15, 6),
(662, 77, 15, 6),
(663, 78, 15, 6),
(664, 79, 15, 6),
(665, 80, 16, 6),
(666, 81, 16, 6),
(667, 82, 16, 6),
(668, 83, 16, 6),
(669, 1, 1, 7),
(670, 2, 1, 7),
(671, 3, 1, 7),
(672, 6, 1, 7),
(673, 7, 1, 7),
(674, 8, 1, 7),
(675, 9, 2, 7),
(676, 10, 2, 7),
(677, 4, 2, 7),
(678, 11, 2, 7),
(679, 12, 2, 7),
(680, 13, 2, 7),
(681, 14, 3, 7),
(682, 15, 3, 7),
(683, 16, 3, 7),
(684, 17, 3, 7),
(685, 18, 3, 7),
(686, 19, 3, 7),
(687, 20, 4, 7),
(688, 21, 4, 7),
(689, 22, 4, 7),
(690, 23, 4, 7),
(691, 24, 4, 7),
(692, 25, 5, 7),
(693, 26, 5, 7),
(694, 27, 5, 7),
(695, 28, 5, 7),
(696, 29, 5, 7),
(697, 30, 6, 7),
(698, 31, 6, 7),
(699, 32, 6, 7),
(700, 33, 6, 7),
(701, 34, 6, 7),
(702, 35, 6, 7),
(703, 36, 7, 7),
(704, 37, 7, 7),
(705, 38, 7, 7),
(706, 39, 7, 7),
(707, 40, 7, 7),
(708, 41, 7, 7),
(709, 42, 8, 7),
(710, 43, 8, 7),
(711, 44, 8, 7),
(712, 45, 8, 7),
(713, 46, 8, 7),
(714, 47, 8, 7),
(715, 5, 9, 7),
(716, 48, 9, 7),
(717, 49, 9, 7),
(718, 50, 9, 7),
(719, 51, 9, 7),
(720, 52, 10, 7),
(721, 53, 10, 7),
(722, 54, 10, 7),
(723, 55, 10, 7),
(724, 56, 10, 7),
(725, 57, 11, 7),
(726, 58, 11, 7),
(727, 59, 11, 7),
(728, 60, 11, 7),
(729, 61, 11, 7),
(730, 62, 12, 7),
(731, 63, 12, 7),
(732, 64, 12, 7),
(733, 65, 12, 7),
(734, 66, 13, 7),
(735, 67, 13, 7),
(736, 68, 13, 7),
(737, 69, 13, 7),
(738, 70, 13, 7),
(739, 71, 13, 7),
(740, 72, 14, 7),
(741, 73, 14, 7),
(742, 74, 14, 7),
(743, 75, 14, 7),
(744, 76, 14, 7),
(745, 77, 14, 7),
(746, 78, 15, 7),
(747, 79, 15, 7),
(748, 80, 15, 7),
(749, 81, 15, 7),
(750, 82, 15, 7),
(751, 83, 15, 7),
(1084, 1, 1, 12),
(1085, 2, 1, 12),
(1086, 3, 1, 12),
(1087, 6, 1, 12),
(1088, 7, 2, 12),
(1089, 8, 2, 12),
(1090, 9, 2, 12),
(1091, 10, 2, 12),
(1092, 4, 3, 12),
(1093, 11, 3, 12),
(1094, 12, 3, 12),
(1095, 13, 3, 12),
(1096, 14, 4, 12),
(1097, 15, 4, 12),
(1098, 16, 4, 12),
(1099, 17, 4, 12),
(1100, 18, 5, 12),
(1101, 19, 5, 12),
(1102, 20, 5, 12),
(1103, 21, 5, 12),
(1104, 22, 6, 12),
(1105, 23, 6, 12),
(1106, 24, 6, 12),
(1107, 25, 6, 12),
(1108, 26, 7, 12),
(1109, 27, 7, 12),
(1110, 28, 7, 12),
(1111, 29, 7, 12),
(1112, 30, 8, 12),
(1113, 31, 8, 12),
(1114, 32, 8, 12),
(1115, 33, 8, 12),
(1116, 34, 8, 12),
(1117, 35, 9, 12),
(1118, 36, 9, 12),
(1119, 37, 9, 12),
(1120, 38, 9, 12),
(1121, 39, 9, 12),
(1122, 40, 10, 12),
(1123, 41, 10, 12),
(1124, 42, 10, 12),
(1125, 43, 10, 12),
(1126, 44, 11, 12),
(1127, 45, 11, 12),
(1128, 46, 11, 12),
(1129, 47, 11, 12),
(1130, 5, 12, 12),
(1131, 48, 12, 12),
(1132, 49, 12, 12),
(1133, 50, 12, 12),
(1134, 51, 13, 12),
(1135, 52, 13, 12),
(1136, 53, 13, 12),
(1137, 54, 13, 12),
(1138, 55, 14, 12),
(1139, 56, 14, 12),
(1140, 57, 14, 12),
(1141, 58, 14, 12),
(1142, 59, 15, 12),
(1143, 60, 15, 12),
(1144, 61, 15, 12),
(1145, 62, 15, 12),
(1146, 63, 16, 12),
(1147, 64, 16, 12),
(1148, 65, 16, 12),
(1149, 66, 17, 12),
(1150, 67, 17, 12),
(1151, 68, 17, 12),
(1152, 69, 17, 12),
(1153, 70, 17, 12),
(1154, 71, 18, 12),
(1155, 72, 18, 12),
(1156, 73, 18, 12),
(1157, 74, 18, 12),
(1158, 75, 18, 12),
(1159, 76, 19, 12),
(1160, 77, 19, 12),
(1161, 78, 19, 12),
(1162, 79, 19, 12),
(1163, 80, 20, 12),
(1164, 81, 20, 12),
(1165, 82, 20, 12),
(1166, 83, 20, 12),
(1250, 1, 1, 13),
(1251, 2, 1, 13),
(1252, 3, 1, 13),
(1253, 6, 1, 13),
(1254, 7, 1, 13),
(1255, 8, 2, 13),
(1256, 9, 2, 13),
(1257, 10, 2, 13),
(1258, 4, 2, 13),
(1259, 11, 2, 13),
(1260, 12, 3, 13),
(1261, 13, 3, 13),
(1262, 14, 3, 13),
(1263, 15, 3, 13),
(1264, 16, 3, 13),
(1265, 17, 4, 13),
(1266, 18, 4, 13),
(1267, 19, 4, 13),
(1268, 20, 4, 13),
(1269, 21, 4, 13),
(1270, 22, 5, 13),
(1271, 23, 5, 13),
(1272, 24, 5, 13),
(1273, 25, 5, 13),
(1274, 26, 6, 13),
(1275, 27, 6, 13),
(1276, 28, 6, 13),
(1277, 29, 6, 13),
(1279, 30, 7, 13),
(1280, 31, 7, 13),
(1281, 32, 7, 13),
(1282, 33, 7, 13),
(1283, 34, 8, 13),
(1284, 35, 8, 13),
(1285, 36, 8, 13),
(1286, 37, 8, 13),
(1287, 38, 8, 13),
(1288, 39, 9, 13),
(1289, 40, 9, 13),
(1290, 41, 9, 13),
(1291, 42, 9, 13),
(1292, 43, 9, 13),
(1293, 44, 10, 13),
(1294, 45, 10, 13),
(1295, 46, 10, 13),
(1296, 47, 10, 13),
(1297, 5, 11, 13),
(1298, 48, 11, 13),
(1299, 49, 11, 13),
(1300, 50, 11, 13),
(1301, 51, 12, 13),
(1302, 52, 12, 13),
(1303, 53, 12, 13),
(1304, 54, 12, 13),
(1305, 55, 13, 13),
(1306, 56, 13, 13),
(1307, 57, 13, 13),
(1308, 58, 13, 13),
(1309, 59, 14, 13),
(1310, 60, 14, 13),
(1311, 61, 14, 13),
(1312, 62, 14, 13),
(1313, 63, 15, 13),
(1314, 64, 15, 13),
(1315, 65, 15, 13),
(1316, 66, 16, 13),
(1317, 67, 16, 13),
(1318, 68, 16, 13),
(1319, 69, 16, 13),
(1320, 70, 16, 13),
(1321, 71, 17, 13),
(1322, 72, 17, 13),
(1323, 73, 17, 13),
(1324, 74, 17, 13),
(1325, 75, 17, 13),
(1326, 76, 18, 13),
(1327, 77, 18, 13),
(1328, 78, 18, 13),
(1329, 79, 18, 13),
(1330, 80, 19, 13),
(1331, 81, 19, 13),
(1332, 82, 19, 13),
(1333, 83, 19, 13),
(1334, 1, 1, 9),
(1335, 2, 1, 9),
(1336, 3, 1, 9),
(1337, 6, 1, 9),
(1338, 7, 1, 9),
(1339, 8, 2, 9),
(1340, 9, 2, 9),
(1341, 10, 2, 9),
(1342, 4, 2, 9),
(1343, 11, 2, 9),
(1344, 12, 3, 9),
(1345, 13, 3, 9),
(1346, 14, 3, 9),
(1347, 15, 3, 9),
(1348, 16, 3, 9),
(1349, 17, 4, 9),
(1350, 18, 4, 9),
(1351, 19, 4, 9),
(1352, 20, 4, 9),
(1353, 21, 4, 9),
(1354, 22, 5, 9),
(1355, 23, 5, 9),
(1356, 24, 5, 9),
(1357, 25, 5, 9),
(1358, 26, 6, 9),
(1359, 27, 6, 9),
(1360, 28, 6, 9),
(1361, 29, 6, 9),
(1363, 30, 7, 9),
(1364, 31, 7, 9),
(1365, 32, 7, 9),
(1366, 33, 7, 9),
(1367, 34, 8, 9),
(1368, 35, 8, 9),
(1369, 36, 8, 9),
(1370, 37, 8, 9),
(1371, 38, 8, 9),
(1372, 39, 9, 9),
(1373, 40, 9, 9),
(1374, 41, 9, 9),
(1375, 42, 9, 9),
(1376, 43, 9, 9),
(1377, 44, 10, 9),
(1378, 45, 10, 9),
(1379, 46, 10, 9),
(1380, 47, 10, 9),
(1381, 5, 11, 9),
(1382, 48, 11, 9),
(1383, 49, 11, 9),
(1384, 50, 11, 9),
(1385, 51, 11, 9),
(1386, 52, 12, 9),
(1387, 53, 12, 9),
(1388, 54, 12, 9),
(1389, 55, 12, 9),
(1390, 56, 12, 9),
(1391, 57, 13, 9),
(1392, 58, 13, 9),
(1393, 59, 13, 9),
(1394, 60, 13, 9),
(1395, 61, 13, 9),
(1396, 62, 14, 9),
(1397, 63, 14, 9),
(1398, 64, 14, 9),
(1399, 65, 14, 9),
(1400, 66, 15, 9),
(1401, 67, 15, 9),
(1402, 68, 15, 9),
(1403, 69, 15, 9),
(1404, 70, 15, 9),
(1405, 71, 16, 9),
(1406, 72, 16, 9),
(1407, 73, 16, 9),
(1408, 74, 16, 9),
(1409, 75, 16, 9),
(1410, 76, 17, 9),
(1411, 77, 17, 9),
(1412, 78, 17, 9),
(1413, 79, 17, 9),
(1414, 80, 18, 9),
(1415, 81, 18, 9),
(1416, 82, 18, 9),
(1417, 83, 18, 9),
(1418, 1, 1, 14),
(1419, 2, 1, 14),
(1420, 3, 1, 14),
(1421, 6, 1, 14),
(1422, 7, 2, 14),
(1423, 8, 2, 14),
(1424, 9, 2, 14),
(1425, 10, 2, 14),
(1426, 4, 3, 14),
(1427, 11, 3, 14),
(1428, 12, 3, 14),
(1429, 13, 3, 14),
(1430, 14, 4, 14),
(1431, 15, 4, 14),
(1432, 16, 4, 14),
(1433, 17, 4, 14),
(1434, 18, 5, 14),
(1435, 19, 5, 14),
(1436, 20, 5, 14),
(1437, 21, 6, 14),
(1438, 22, 6, 14),
(1439, 23, 6, 14),
(1440, 24, 7, 14),
(1441, 25, 7, 14),
(1442, 26, 7, 14),
(1443, 27, 8, 14),
(1444, 28, 8, 14),
(1445, 29, 8, 14),
(1446, 30, 9, 14),
(1447, 31, 9, 14),
(1448, 32, 9, 14),
(1449, 33, 9, 14),
(1450, 34, 10, 14),
(1451, 35, 10, 14),
(1452, 36, 10, 14),
(1453, 37, 10, 14),
(1454, 38, 11, 14),
(1455, 39, 11, 14),
(1456, 40, 11, 14),
(1457, 41, 11, 14),
(1458, 42, 12, 14),
(1459, 43, 12, 14),
(1460, 44, 12, 14),
(1461, 45, 13, 14),
(1462, 46, 13, 14),
(1463, 47, 13, 14),
(1464, 5, 14, 14),
(1465, 48, 14, 14),
(1466, 49, 14, 14),
(1467, 50, 14, 14),
(1468, 51, 15, 14),
(1469, 52, 15, 14),
(1470, 53, 15, 14),
(1471, 54, 16, 14),
(1472, 55, 16, 14),
(1473, 56, 16, 14),
(1474, 57, 17, 14),
(1475, 58, 17, 14),
(1476, 59, 17, 14),
(1477, 60, 18, 14),
(1478, 61, 18, 14),
(1479, 62, 18, 14),
(1480, 63, 19, 14),
(1481, 64, 19, 14),
(1482, 65, 19, 14),
(1483, 66, 20, 14),
(1484, 67, 20, 14),
(1485, 68, 20, 14),
(1486, 69, 20, 14),
(1487, 70, 21, 14),
(1488, 71, 21, 14),
(1489, 72, 21, 14),
(1490, 73, 21, 14),
(1491, 74, 22, 14),
(1492, 75, 22, 14),
(1493, 76, 22, 14),
(1494, 77, 22, 14),
(1495, 78, 23, 14),
(1496, 79, 23, 14),
(1497, 80, 23, 14),
(1498, 81, 24, 14),
(1499, 82, 24, 14),
(1500, 83, 24, 14);

-- --------------------------------------------------------

--
-- Estructura de tabla para la tabla `asignacion_meseros`
--

CREATE TABLE `asignacion_meseros` (
  `id` int NOT NULL,
  `mesero_id` int NOT NULL,
  `estacion_id` int NOT NULL,
  `rol_id` int NOT NULL,
  `fecha` date DEFAULT NULL
) ENGINE=InnoDB DEFAULT CHARSET=utf8mb4 COLLATE=utf8mb4_0900_ai_ci;

--
-- Volcado de datos para la tabla `asignacion_meseros`
--

INSERT INTO `asignacion_meseros` (`id`, `mesero_id`, `estacion_id`, `rol_id`, `fecha`) VALUES
(1192, 15, 1, 14, '2024-09-29'),
(1193, 16, 2, 14, '2024-09-29'),
(1194, 17, 3, 14, '2024-09-29'),
(1195, 23, 4, 14, '2024-09-29'),
(1196, 24, 5, 14, '2024-09-29'),
(1197, 26, 6, 14, '2024-09-29'),
(1198, 27, 7, 14, '2024-09-29'),
(1199, 28, 8, 14, '2024-09-29'),
(1200, 1, 9, 14, '2024-09-29'),
(1201, 2, 10, 14, '2024-09-29'),
(1202, 9, 11, 14, '2024-09-29'),
(1203, 10, 12, 14, '2024-09-29'),
(1204, 11, 13, 14, '2024-09-29'),
(1205, 12, 14, 14, '2024-09-29'),
(1206, 13, 15, 14, '2024-09-29'),
(1207, 14, 16, 14, '2024-09-29'),
(1208, 18, 17, 14, '2024-09-29'),
(1209, 19, 18, 14, '2024-09-29'),
(1210, 20, 19, 14, '2024-09-29'),
(1211, 3, 20, 14, '2024-09-29'),
(1212, 5, 21, 14, '2024-09-29'),
(1213, 6, 22, 14, '2024-09-29'),
(1214, 7, 23, 14, '2024-09-29'),
(1215, 8, 24, 14, '2024-09-29'),
(1232, 23, 1, 6, '2024-10-02'),
(1233, 26, 2, 6, '2024-10-02'),
(1234, 27, 3, 6, '2024-10-02'),
(1235, 28, 4, 6, '2024-10-02'),
(1236, 6, 5, 6, '2024-10-02'),
(1237, 15, 6, 6, '2024-10-02'),
(1238, 16, 7, 6, '2024-10-02'),
(1239, 20, 8, 6, '2024-10-02'),
(1240, 3, 9, 6, '2024-10-02'),
(1241, 5, 10, 6, '2024-10-02'),
(1242, 7, 11, 6, '2024-10-02'),
(1243, 10, 12, 6, '2024-10-02'),
(1244, 11, 13, 6, '2024-10-02'),
(1245, 12, 14, 6, '2024-10-02'),
(1246, 13, 15, 6, '2024-10-02'),
(1247, 14, 16, 6, '2024-10-02'),
(1302, 13, 1, 9, '2024-11-21'),
(1303, 18, 2, 9, '2024-11-21'),
(1304, 23, 3, 9, '2024-11-21'),
(1305, 24, 4, 9, '2024-11-21'),
(1306, 27, 5, 9, '2024-11-21'),
(1307, 28, 6, 9, '2024-11-21'),
(1308, 12, 7, 9, '2024-11-21'),
(1309, 14, 8, 9, '2024-11-21'),
(1310, 15, 9, 9, '2024-11-21'),
(1311, 16, 10, 9, '2024-11-21'),
(1312, 2, 11, 9, '2024-11-21'),
(1313, 6, 12, 9, '2024-11-21'),
(1314, 17, 13, 9, '2024-11-21'),
(1315, 19, 14, 9, '2024-11-21'),
(1316, 3, 15, 9, '2024-11-21'),
(1317, 8, 16, 9, '2024-11-21'),
(1318, 10, 17, 9, '2024-11-21'),
(1319, 11, 18, 9, '2024-11-21');

-- --------------------------------------------------------

--
-- Estructura de tabla para la tabla `cliente_mesa_mesero`
--

CREATE TABLE `cliente_mesa_mesero` (
  `id` int NOT NULL,
  `cliente_id` int DEFAULT NULL,
  `mesero_id` int DEFAULT NULL,
  `mesa_id` int DEFAULT NULL,
  `mesa_separada_id` int DEFAULT NULL COMMENT 'Si es separada, se agrega id',
  `fecha` date NOT NULL
) ENGINE=InnoDB DEFAULT CHARSET=utf8mb4 COLLATE=utf8mb4_0900_ai_ci;

--
-- Volcado de datos para la tabla `cliente_mesa_mesero`
--

INSERT INTO `cliente_mesa_mesero` (`id`, `cliente_id`, `mesero_id`, `mesa_id`, `mesa_separada_id`, `fecha`) VALUES
(1, 26, 9, 9, NULL, '2024-09-27'),
(2, 41, 5, 18, NULL, '2024-09-27'),
(3, 23, 5, 19, NULL, '2024-09-27'),
(4, 6, 28, 31, NULL, '2024-09-27'),
(5, 16, 23, 50, NULL, '2024-09-27'),
(6, 25, 23, 33, NULL, '2024-09-27'),
(7, 42, 6, 43, NULL, '2024-09-27'),
(8, 43, 16, 82, NULL, '2024-09-27'),
(9, 47, 7, 34, NULL, '2024-09-28'),
(10, 44, 10, 52, NULL, '2024-09-28'),
(11, 46, 19, 60, NULL, '2024-09-28'),
(12, 48, 1, 48, NULL, '2024-09-28'),
(13, 45, 2, 69, NULL, '2024-09-28'),
(14, 49, 1, 48, NULL, '2024-09-28'),
(15, 50, 3, 70, NULL, '2024-09-28'),
(16, 51, 23, 16, NULL, '2024-09-28'),
(17, 52, 28, 29, NULL, '2024-09-29'),
(18, 53, 13, 5, NULL, '2024-10-01'),
(32, 54, 28, 24, NULL, '2024-10-01'),
(33, 55, 28, 24, NULL, '2024-10-01'),
(35, 56, 28, 24, NULL, '2024-10-01'),
(36, 57, 20, 2, NULL, '2024-10-01'),
(37, 58, 20, 2, NULL, '2024-10-01'),
(38, 59, 28, 24, 1002, '2024-10-01'),
(39, 60, 28, 24, 1001, '2024-10-01'),
(40, 61, 26, 16, NULL, '2024-10-01'),
(41, 63, 24, 12, NULL, '2024-10-01'),
(42, 64, 23, 10, NULL, '2024-11-20'),
(43, 62, 4, 31, NULL, '2024-11-20'),
(44, 65, 15, 42, NULL, '2024-11-21'),
(45, 66, 15, 40, NULL, '2024-11-21'),
(46, 67, 13, 1, NULL, '2024-11-21'),
(47, 68, 23, 13, NULL, '2024-11-21'),
(48, 69, 24, 20, NULL, '2024-11-21'),
(49, 70, 18, 8, NULL, '2024-11-21'),
(50, 71, 12, 32, NULL, '2024-11-21'),
(51, 72, 19, 64, NULL, '2024-11-21'),
(52, 73, 12, 33, NULL, '2024-11-21'),
(53, 74, 13, 6, NULL, '2024-11-21'),
(54, 75, 6, 53, NULL, '2024-11-21'),
(55, 76, 24, 21, NULL, '2024-11-21'),
(56, 77, 13, 1, NULL, '2024-11-21'),
(57, 78, 13, 7, NULL, '2024-11-21'),
(58, 80, 18, 11, NULL, '2024-11-21'),
(59, 81, 23, 14, NULL, '2024-11-21');

-- --------------------------------------------------------

--
-- Estructura de tabla para la tabla `ctn_area_mesero`
--

CREATE TABLE `ctn_area_mesero` (
  `id` int NOT NULL,
  `mesero_id` int NOT NULL,
  `area_id` int NOT NULL,
  `contador` int NOT NULL DEFAULT '0'
) ENGINE=InnoDB DEFAULT CHARSET=utf8mb4 COLLATE=utf8mb4_0900_ai_ci;

--
-- Volcado de datos para la tabla `ctn_area_mesero`
--

INSERT INTO `ctn_area_mesero` (`id`, `mesero_id`, `area_id`, `contador`) VALUES
(1, 24, 1, 22),
(2, 1, 1, 9),
(3, 2, 1, 16),
(4, 3, 1, 16),
(5, 5, 1, 15),
(6, 6, 1, 16),
(7, 7, 1, 15),
(8, 8, 1, 16),
(9, 9, 1, 9),
(10, 10, 1, 16),
(11, 11, 1, 16),
(12, 12, 1, 16),
(13, 13, 1, 17),
(14, 14, 1, 16),
(15, 15, 1, 17),
(16, 16, 1, 18),
(17, 17, 1, 18),
(18, 18, 1, 18),
(19, 19, 1, 18),
(20, 20, 1, 17),
(21, 23, 1, 24),
(22, 26, 1, 22),
(23, 27, 1, 24),
(24, 1, 2, 4),
(25, 2, 2, 15),
(26, 3, 2, 16),
(27, 5, 2, 10),
(28, 6, 2, 16),
(29, 7, 2, 10),
(30, 8, 2, 15),
(31, 9, 2, 4),
(32, 10, 2, 16),
(33, 11, 2, 16),
(34, 12, 2, 16),
(35, 13, 2, 16),
(36, 14, 2, 16),
(37, 15, 2, 14),
(38, 16, 2, 14),
(39, 17, 2, 12),
(40, 18, 2, 12),
(41, 19, 2, 12),
(42, 20, 2, 8),
(43, 23, 2, 12),
(44, 24, 2, 12),
(45, 26, 2, 7),
(46, 27, 2, 12),
(47, 1, 3, 3),
(48, 2, 3, 15),
(49, 3, 3, 16),
(50, 5, 3, 9),
(51, 6, 3, 16),
(52, 7, 3, 9),
(53, 8, 3, 15),
(54, 9, 3, 3),
(55, 10, 3, 16),
(56, 11, 3, 16),
(57, 12, 3, 16),
(58, 13, 3, 16),
(59, 14, 3, 16),
(60, 15, 3, 17),
(61, 16, 3, 17),
(62, 17, 3, 18),
(63, 18, 3, 17),
(64, 19, 3, 17),
(65, 20, 3, 11),
(66, 23, 3, 13),
(67, 24, 3, 13),
(68, 26, 3, 6),
(69, 27, 3, 13),
(70, 1, 4, 3),
(71, 2, 4, 14),
(72, 3, 4, 16),
(73, 5, 4, 9),
(74, 6, 4, 15),
(75, 7, 4, 9),
(76, 8, 4, 15),
(77, 9, 4, 2),
(78, 10, 4, 16),
(79, 11, 4, 16),
(80, 12, 4, 16),
(81, 13, 4, 15),
(82, 14, 4, 15),
(83, 15, 4, 15),
(84, 16, 4, 14),
(85, 17, 4, 12),
(86, 18, 4, 13),
(87, 19, 4, 13),
(88, 20, 4, 7),
(89, 23, 4, 14),
(90, 24, 4, 13),
(91, 26, 4, 8),
(92, 27, 4, 14),
(93, 28, 1, 25),
(94, 28, 2, 12),
(95, 28, 3, 13),
(96, 28, 4, 14),
(145, 4, 1, 1),
(146, 4, 2, 1),
(147, 4, 3, 0),
(148, 4, 4, 0),
(149, 25, 1, 2),
(150, 25, 2, 0),
(151, 25, 3, 0),
(152, 25, 4, 0);

-- --------------------------------------------------------

--
-- Estructura de tabla para la tabla `estaciones`
--

CREATE TABLE `estaciones` (
  `id` int NOT NULL,
  `descripcion` varchar(50) CHARACTER SET utf8mb4 COLLATE utf8mb4_0900_ai_ci NOT NULL,
  `color` varchar(10) NOT NULL
) ENGINE=InnoDB DEFAULT CHARSET=utf8mb4 COLLATE=utf8mb4_0900_ai_ci;

--
-- Volcado de datos para la tabla `estaciones`
--

INSERT INTO `estaciones` (`id`, `descripcion`, `color`) VALUES
(1, 'E1', '#FF5733'),
(2, 'E2', '#33FF57'),
(3, 'E3', '#3357FF'),
(4, 'E4', '#FF33A1'),
(5, 'E5', '#33FFF3'),
(6, 'E6', '#FFD700'),
(7, 'E7', '#C0C0C0'),
(8, 'E8', '#FF4500'),
(9, 'E9', '#008080'),
(10, 'E10', '#800080'),
(11, 'E11', '#FF6347'),
(12, 'E12', '#4682B4'),
(13, 'E13', '#D2691E'),
(14, 'E14', '#808000'),
(15, 'E15', '#FF1493'),
(16, 'E16', '#FF7F50'),
(17, 'E17', '#6A5ACD'),
(18, 'E18', '#B22222'),
(19, 'E19', '#7FFF00'),
(20, 'E20', '#8B008B'),
(21, 'E21', '#20B2AA'),
(22, 'E22', '#F4A460'),
(23, 'E23', '#008B8B'),
(24, 'E24', '#DC143C'),
(25, 'E25', '#00CED1'),
(26, 'E26', '#FFDAB9'),
(27, 'E27', '#800000'),
(28, 'E28', '#556B2F'),
(29, 'E29', '#4B0082'),
(30, 'E30', '#FFFAF0');

-- --------------------------------------------------------

--
-- Estructura de tabla para la tabla `mesas`
--

CREATE TABLE `mesas` (
  `id` int NOT NULL,
  `nombre` varchar(50) NOT NULL,
  `area_id` int DEFAULT NULL,
  `n_personas` int NOT NULL,
  `estado` int NOT NULL DEFAULT '0' COMMENT '0 = disponible,\r\n1 = Ocupada,\r\n2 = Reservada'
) ENGINE=InnoDB DEFAULT CHARSET=utf8mb4 COLLATE=utf8mb4_0900_ai_ci;

--
-- Volcado de datos para la tabla `mesas`
--

INSERT INTO `mesas` (`id`, `nombre`, `area_id`, `n_personas`, `estado`) VALUES
(1, '01', 1, 4, 0),
(2, '02', 1, 4, 0),
(3, '03', 1, 4, 0),
(4, '10', 1, 4, 0),
(5, '100', 3, 4, 0),
(6, '04', 1, 4, 0),
(7, '05', 1, 4, 0),
(8, '06', 1, 4, 0),
(9, '07', 1, 4, 0),
(10, '08', 1, 4, 0),
(11, '11', 1, 4, 0),
(12, '12', 1, 4, 0),
(13, '13', 1, 8, 0),
(14, '14', 1, 5, 0),
(15, '15', 1, 4, 0),
(16, '16', 1, 4, 0),
(17, '17', 1, 4, 0),
(18, '20', 1, 4, 0),
(19, '21', 1, 5, 0),
(20, '22', 1, 8, 0),
(21, '23', 1, 8, 0),
(22, '24', 1, 5, 0),
(23, '25', 1, 8, 0),
(24, '30', 1, 8, 0),
(25, '31', 1, 8, 0),
(26, '32', 1, 4, 0),
(27, '33', 1, 5, 0),
(28, '34', 1, 8, 0),
(29, '35', 1, 4, 0),
(30, '50', 2, 6, 0),
(31, '51', 2, 4, 0),
(32, '52', 2, 4, 0),
(33, '53', 2, 4, 0),
(34, '54', 2, 4, 0),
(35, '55', 2, 5, 0),
(36, '60', 2, 6, 0),
(37, '61', 2, 4, 0),
(38, '62', 2, 6, 0),
(39, '70', 2, 4, 0),
(40, '71', 2, 4, 0),
(41, '72', 2, 5, 0),
(42, '80', 2, 4, 0),
(43, '81', 2, 4, 0),
(44, '82', 2, 6, 0),
(45, '83', 2, 6, 0),
(46, 'fish', 2, 16, 0),
(47, 'octopus', 2, 12, 0),
(48, '101', 3, 6, 0),
(49, '102', 3, 4, 0),
(50, '103', 3, 8, 0),
(51, '110', 3, 4, 0),
(52, '111', 3, 5, 0),
(53, '112', 3, 4, 0),
(54, '120', 3, 4, 0),
(55, '121', 3, 6, 0),
(56, '122', 3, 4, 0),
(57, '123', 3, 6, 0),
(58, '130', 3, 6, 0),
(59, '131', 3, 6, 0),
(60, '132', 3, 4, 0),
(61, '140', 3, 6, 0),
(62, '141', 3, 6, 0),
(63, '142', 3, 4, 0),
(64, '150', 3, 5, 0),
(65, '151', 3, 4, 0),
(66, '160', 4, 8, 0),
(67, '161', 4, 8, 0),
(68, '162', 4, 8, 0),
(69, '170', 4, 4, 0),
(70, '171', 4, 4, 0),
(71, '172', 4, 4, 0),
(72, '173', 4, 4, 0),
(73, '174', 4, 4, 0),
(74, '180', 4, 8, 0),
(75, '181', 4, 5, 0),
(76, '182', 4, 4, 0),
(77, '183', 4, 4, 0),
(78, '184', 4, 5, 0),
(79, '190', 4, 8, 0),
(80, '191', 4, 8, 0),
(81, '192', 4, 8, 0),
(82, '193', 4, 8, 0),
(83, '194', 4, 8, 0);

-- --------------------------------------------------------

--
-- Estructura de tabla para la tabla `mesas_separadas`
--

CREATE TABLE `mesas_separadas` (
  `id` int NOT NULL,
  `nombre` varchar(20) NOT NULL,
  `mesa_id` int DEFAULT NULL,
  `area_id` int DEFAULT NULL,
  `n_personas` int NOT NULL,
  `estado` int NOT NULL DEFAULT '0' COMMENT '0 = disponible\r\n1 = Ocupada\r\n2 = Reservada	',
  `activa` int NOT NULL DEFAULT '1' COMMENT '0: Inactiva\r\n1:Inactiva'
) ENGINE=InnoDB DEFAULT CHARSET=utf8mb4 COLLATE=utf8mb4_0900_ai_ci;

--
-- Volcado de datos para la tabla `mesas_separadas`
--

INSERT INTO `mesas_separadas` (`id`, `nombre`, `mesa_id`, `area_id`, `n_personas`, `estado`, `activa`) VALUES
(1001, '30', 24, 1, 4, 0, 0),
(1002, '30A', 24, 1, 4, 0, 0),
(1003, '31', 25, 1, 4, 0, 0),
(1004, '31A', 25, 1, 4, 0, 0),
(1005, '50', 30, 2, 3, 0, 0),
(1006, '50A', 30, 2, 3, 0, 0),
(1007, '13', 13, 1, 4, 0, 0),
(1008, '13A', 13, 1, 4, 0, 0),
(1009, '62', 38, 2, 3, 0, 0),
(1010, '62A', 38, 2, 3, 0, 0),
(1011, '60', 36, 2, 3, 0, 0),
(1012, '60A', 36, 2, 3, 0, 0);

-- --------------------------------------------------------

--
-- Estructura de tabla para la tabla `mesa_cliente`
--

CREATE TABLE `mesa_cliente` (
  `id` int NOT NULL,
  `nombre` varchar(100) NOT NULL,
  `zonas_deseadas` varchar(20) CHARACTER SET utf8mb4 COLLATE utf8mb4_0900_ai_ci NOT NULL,
  `telefono` bigint DEFAULT NULL,
  `n_adultos` int NOT NULL,
  `n_ninos` int NOT NULL,
  `hora_llegada` time DEFAULT NULL,
  `hora_salida` time DEFAULT NULL COMMENT 'Hora de salida de mesa',
  `fecha` date NOT NULL,
  `estado` int NOT NULL DEFAULT '0' COMMENT '0 = Espera,\r\n1 = Reserva,\r\n2 = Con mesa,\r\n3 = Atendido.'
) ENGINE=InnoDB DEFAULT CHARSET=utf8mb4 COLLATE=utf8mb4_0900_ai_ci;

--
-- Volcado de datos para la tabla `mesa_cliente`
--

INSERT INTO `mesa_cliente` (`id`, `nombre`, `zonas_deseadas`, `telefono`, `n_adultos`, `n_ninos`, `hora_llegada`, `hora_salida`, `fecha`, `estado`) VALUES
(1, 'juan', '1,4', NULL, 2, 3, '13:30:00', '01:24:49', '2024-07-05', 3),
(2, 'Pedro', '2,3', 3322115566, 3, 0, '14:16:50', '02:40:22', '2024-07-05', 3),
(3, 'Lopez', '3', NULL, 2, 3, '14:25:00', '02:40:36', '2024-07-05', 3),
(4, 'Diego', '1', NULL, 2, 3, '15:00:00', '01:24:34', '2024-07-05', 3),
(5, 'javier', '2,4', NULL, 8, 2, '15:12:00', '01:40:15', '2024-07-05', 3),
(6, 'lopez', '1,4', NULL, 2, 4, '15:20:00', '02:38:23', '2024-07-05', 3),
(7, 'Martin', '2,3', NULL, 4, 0, '15:25:00', '02:40:19', '2024-07-05', 3),
(8, 'Alfredo', '1', NULL, 2, 1, '15:33:00', NULL, '2024-07-05', 3),
(9, 'Joaquin', '3', NULL, 4, 0, '15:41:00', '01:01:04', '2024-07-05', 3),
(10, 'Carlos', '2', NULL, 2, 0, '20:07:46', '01:20:56', '2024-07-30', 3),
(12, 'Miguel', '1,2,3,4', 0, 2, 2, '18:09:57', '20:34:29', '2024-07-31', 3),
(13, 'Daniel', '1,3', 0, 2, 0, '19:10:00', '01:22:41', '2024-07-31', 3),
(14, 'xxx', '1,2', 0, 1, 2, '08:16:06', '00:12:24', '2024-08-03', 3),
(15, 'Gael', '3', 0, 2, 0, '18:26:12', '01:37:47', '2024-07-05', 3),
(16, 'valentin', '4', 0, 2, 0, '18:49:39', '02:40:04', '2024-07-05', 3),
(20, 'Casemiro', '2', 0, 1, 1, '19:29:40', '01:42:37', '2024-07-05', 3),
(21, 'Luis', '4', 0, 1, 1, '20:11:57', '01:25:42', '2024-07-05', 3),
(22, 'Cristiano', '3', 0, 2, 6, '01:29:53', '02:40:27', '2024-07-05', 3),
(23, 'Messi', '1', 0, 3, 2, '01:30:07', '02:38:20', '2024-07-05', 3),
(24, 'Rodrygo', '2,4', 0, 6, 0, '01:30:36', '02:40:25', '2024-07-05', 3),
(25, 'Lic Mendoza', '4', 0, 3, 0, '16:04:09', '02:40:02', '2024-07-05', 3),
(26, 'mesa docker', '1,2,3,4', NULL, 1, 1, '23:35:22', '02:40:33', '2024-09-10', 3),
(27, 'mesa docker', '1,2,3,4', NULL, 1, 1, '23:35:51', '02:33:15', '2024-09-10', 3),
(40, 'Celular', '1,2,3,4', NULL, 2, 1, '21:43:46', '02:40:30', '2024-09-12', 3),
(41, 'Enrique', '1,4', NULL, 2, 2, '00:21:36', '02:33:19', '2024-09-27', 3),
(42, 'chicharito', '2,3', NULL, 3, 0, '02:40:59', '03:48:59', '2024-09-27', 3),
(43, 'CR7', '4', NULL, 2, 6, '03:49:32', '04:06:30', '2024-09-27', 3),
(44, 'Carlos Gómez', '3', NULL, 4, 1, '01:22:15', '01:38:40', '2024-09-28', 3),
(45, 'Lucía Fernández', '4', NULL, 2, 1, '01:22:28', '01:38:34', '2024-09-28', 3),
(46, 'Miguel Martínez', '3,4', NULL, 1, 3, '01:22:39', '01:38:22', '2024-09-28', 3),
(47, 'Ana Sánchez', '2,3', NULL, 2, 2, '01:22:51', '01:38:28', '2024-09-28', 3),
(48, 'Javier López', '3', NULL, 5, 1, '01:23:11', '02:38:52', '2024-09-28', 3),
(49, 'María Pérez', '3', NULL, 6, 0, '01:48:41', NULL, '2024-09-28', 2),
(50, 'Andrés Torres', '4', NULL, 1, 1, '02:08:02', '02:38:50', '2024-09-28', 3),
(51, 'Sofía Ramírez', '1', NULL, 3, 0, '02:08:55', '03:37:46', '2024-09-28', 3),
(52, 'Raúl García', '1', NULL, 1, 0, '02:22:07', '03:40:02', '2024-09-28', 3),
(53, 'Majinbu', '3', NULL, 2, 0, '03:02:33', '03:03:22', '2024-10-01', 3),
(54, 'Vegeta', '1', NULL, 1, 0, '03:03:38', '04:03:33', '2024-10-01', 3),
(55, 'Goku', '1', NULL, 2, 2, '03:55:46', '04:03:33', '2024-10-01', 3),
(56, 'gohan', '1', NULL, 2, 1, '04:06:10', '04:33:13', '2024-10-01', 3),
(57, 'piccolo', '1,2,3,4', NULL, 1, 2, '04:14:29', '04:16:31', '2024-10-01', 3),
(58, 'krilin', '1,2,3,4', NULL, 2, 1, '04:16:53', '04:33:26', '2024-10-01', 3),
(59, 'milk', '1,2,3,4', NULL, 1, 0, '04:33:43', '05:00:15', '2024-10-01', 3),
(60, 'bulma', '1,2,3,4', NULL, 1, 1, '04:39:47', '05:00:51', '2024-10-01', 3),
(61, 'Maestro Roshi', '1,2,3,4', NULL, 4, 0, '04:40:23', '04:54:45', '2024-10-01', 3),
(62, 'Carlos Gutiérrez', '1,2,3,4', NULL, 2, 1, '15:08:47', '01:28:08', '2024-10-01', 3),
(63, 'juanito', '1,2,3,4', NULL, 3, 1, '17:33:58', '01:08:52', '2024-10-01', 3),
(64, 'joaquin', '1,2,3,4', NULL, 3, 1, '19:30:12', '01:27:53', '2024-11-20', 3),
(65, 'manuel', '1,2,3,4', NULL, 1, 1, '00:25:39', '01:28:10', '2024-11-21', 3),
(66, 'enrique', '1,2,3,4', NULL, 3, 0, '00:34:25', '01:08:49', '2024-11-21', 3),
(67, 'x', '1,2,3,4', NULL, 2, 0, '01:09:10', '01:27:49', '2024-11-21', 3),
(68, '100', '1,2,3,4', NULL, 3, 1, '01:10:40', '01:27:58', '2024-11-21', 3),
(69, 'fdsf', '1,2,3,4', NULL, 2, 1, '01:11:54', '01:28:00', '2024-11-21', 3),
(70, 'Alfredo', '1,2,3,4', NULL, 1, 0, '01:14:22', '01:27:56', '2024-11-21', 3),
(71, 'Ana Pérez', '1,2,3,4', NULL, 3, 1, '01:15:27', '01:28:03', '2024-11-21', 3),
(72, '100', '1,2,3,4', NULL, 1, 1, '01:21:18', '01:28:13', '2024-11-21', 3),
(73, 'x', '1,2,3,4', NULL, 1, 1, '01:22:33', '01:28:05', '2024-11-21', 3),
(74, '1', '1,2,3,4', NULL, 1, 1, '01:27:32', '01:27:51', '2024-11-21', 3),
(75, '1', '1,2,3,4', NULL, 1, 1, '01:32:24', '01:32:33', '2024-11-21', 3),
(76, 'Carlos Gómez', '1,2,3,4', NULL, 5, 1, '01:46:20', '01:46:50', '2024-11-21', 3),
(77, 'Carlos Gómez', '1,2,3,4', NULL, 3, 0, '01:46:57', '02:29:34', '2024-11-21', 3),
(78, 'Antonio Moreno', '1,2,3,4', NULL, 1, 0, '01:50:08', '02:29:31', '2024-11-21', 3),
(80, 'Carlos Rodríguez', '1,2,3,4', NULL, 4, -1, '02:29:51', '02:32:04', '2024-11-21', 3),
(81, 'Carlos Rodríguez', '1,2,3,4', NULL, 5, 0, '02:32:39', '02:32:59', '2024-11-21', 3);

-- --------------------------------------------------------

--
-- Estructura de tabla para la tabla `personal`
--

CREATE TABLE `personal` (
  `id` int NOT NULL,
  `nombre` varchar(50) NOT NULL,
  `apellido` varchar(50) NOT NULL,
  `descanso` varchar(15) CHARACTER SET utf8mb4 COLLATE utf8mb4_0900_ai_ci DEFAULT NULL,
  `turno` varchar(10) CHARACTER SET utf8mb4 COLLATE utf8mb4_0900_ai_ci DEFAULT NULL,
  `estado` int NOT NULL DEFAULT '1' COMMENT '0: inactivo, 1: activo'
) ENGINE=InnoDB DEFAULT CHARSET=utf8mb4 COLLATE=utf8mb4_0900_ai_ci;

--
-- Volcado de datos para la tabla `personal`
--

INSERT INTO `personal` (`id`, `nombre`, `apellido`, `descanso`, `turno`, `estado`) VALUES
(1, 'Alfredo', 'Cruz', 'fines', '1', 1),
(2, 'Diego ', 'Antuna', '3', '1', 1),
(3, 'Leonardo', 'Morales', '1', '2', 1),
(4, 'Lenin', 'Contreras', '4', '2', 1),
(5, 'Bryan', 'Amezcua', '4', '1', 1),
(6, 'Jonatan', 'López', '2', '2', 1),
(7, 'Carlos', 'Hernandez', '4', '1', 1),
(8, 'Luis', 'Torres', '3', '1', 1),
(9, 'Marco', 'Hernandez', 'fines', '1', 1),
(10, 'Joahan', 'Reyes', '1', '2', 1),
(11, 'Francisco', 'Tapia', '1', '1', 1),
(12, 'Oliver', 'Perez', '1', '2', 1),
(13, 'Uriel', 'Rosales', '1', '2', 1),
(14, 'Michell', 'Reyes', '2', '1', 1),
(15, 'Jonany', 'Mejia', '2', '1', 1),
(16, 'Hector', 'Hernandez', '2', '2', 1),
(17, 'Edgar', 'Nuño', '3', '1', 1),
(18, 'Eder', 'Contreras', '3', '2', 1),
(19, 'Jose', 'Velez', '3', '2', 1),
(20, 'Heriberto', 'Valadez', '4', '1', 1),
(23, 'David', 'Hernandez', '2', '2', 1),
(24, 'Ricardo', 'Lozano', '3', '2', 1),
(25, 'Ulises', 'Rodriguez', '4', '1', 1),
(26, 'Manuel', 'Flores', '4', '1', 1),
(27, 'Hugo', ' Acuña', '2', '2', 1),
(28, 'Alexis', 'De Anda', '1', '2', 1);

-- --------------------------------------------------------

--
-- Estructura de tabla para la tabla `personal_bloqueado`
--

CREATE TABLE `personal_bloqueado` (
  `id` int NOT NULL,
  `personal_id` int NOT NULL,
  `fecha_inicio` date NOT NULL COMMENT 'Fecha de inicio de bloqueo',
  `fecha_fin` date NOT NULL COMMENT 'fecha fin de bloqueo',
  `motivo` varchar(150) NOT NULL,
  `vigencia` int NOT NULL DEFAULT '0' COMMENT '0: vigente, 1: vencido'
) ENGINE=InnoDB DEFAULT CHARSET=utf8mb4 COLLATE=utf8mb4_0900_ai_ci;

--
-- Volcado de datos para la tabla `personal_bloqueado`
--

INSERT INTO `personal_bloqueado` (`id`, `personal_id`, `fecha_inicio`, `fecha_fin`, `motivo`, `vigencia`) VALUES
(1, 4, '2024-07-05', '2024-07-06', 'No asistio', 1),
(2, 4, '2024-07-05', '2024-07-06', 'No asistio', 1),
(3, 4, '2024-07-05', '2024-07-06', 'No asistio', 1),
(4, 5, '2024-07-05', '2024-07-06', 'No asistio', 1),
(5, 10, '2024-07-05', '2024-07-06', 'No asistio', 1),
(6, 7, '2024-07-05', '2024-07-06', 'No asistio', 1),
(7, 13, '2024-07-05', '2024-07-06', 'No asistio', 1),
(8, 4, '2024-07-05', '2024-07-06', 'No asistio', 1),
(9, 18, '2024-07-05', '2024-07-06', 'No asistio', 1),
(10, 7, '2024-07-05', '2024-07-06', 'No asistio', 1),
(11, 1, '2024-07-05', '2024-07-06', 'No asistio', 1),
(12, 1, '2024-07-05', '2024-07-06', 'No asistio', 1),
(13, 19, '2024-07-05', '2024-07-06', 'No asistio', 1),
(14, 14, '2024-07-05', '2024-07-06', 'No asistio', 1),
(15, 1, '2024-07-05', '2024-07-06', 'No asistio', 1),
(16, 10, '2024-07-05', '2024-07-06', 'No asistio', 1),
(17, 1, '2024-07-05', '2024-07-06', 'No asistio', 1),
(18, 8, '2024-07-05', '2024-07-06', 'No asistio', 1),
(19, 1, '2024-07-05', '2024-07-06', 'No asistio', 1),
(20, 7, '2024-07-05', '2024-07-06', 'No asistio', 1),
(21, 2, '2024-07-05', '2024-07-06', 'No asistio', 1),
(23, 14, '2024-08-13', '2024-08-21', 'Vacaciones', 1),
(24, 7, '2024-08-13', '2024-08-17', 'Vacaciones', 1),
(25, 20, '2024-07-05', '2024-07-06', 'No asistio', 1),
(26, 3, '2024-08-01', '2024-11-01', 'Cambio de sucursal', 1),
(27, 25, '2024-08-01', '2024-11-01', 'Cambio de sucursal', 1),
(28, 4, '2024-08-01', '2024-11-01', 'Cambio de sucursal', 1),
(29, 2, '2024-09-20', '2024-09-21', 'No asistio', 1),
(30, 18, '2024-09-19', '2024-09-20', 'No asistio', 1),
(31, 8, '2024-09-19', '2024-09-20', 'No asistio', 1),
(32, 1, '2024-09-21', '2024-09-22', 'No asistio', 1);

-- --------------------------------------------------------

--
-- Estructura de tabla para la tabla `prediccion_salida`
--

CREATE TABLE `prediccion_salida` (
  `id` int NOT NULL,
  `mesa` varchar(10) NOT NULL,
  `fecha` date NOT NULL,
  `hora` int NOT NULL,
  `minuto` int NOT NULL
) ENGINE=InnoDB DEFAULT CHARSET=utf8mb4 COLLATE=utf8mb4_0900_ai_ci;

--
-- Volcado de datos para la tabla `prediccion_salida`
--

INSERT INTO `prediccion_salida` (`id`, `mesa`, `fecha`, `hora`, `minuto`) VALUES
(1, '7', '2024-11-21', 2, 36),
(2, '11', '2024-11-21', 3, 16),
(3, '14', '2024-11-21', 3, 19);

-- --------------------------------------------------------

--
-- Estructura de tabla para la tabla `roles`
--

CREATE TABLE `roles` (
  `id` int NOT NULL,
  `descripcion` text
) ENGINE=InnoDB DEFAULT CHARSET=utf8mb4 COLLATE=utf8mb4_0900_ai_ci;

--
-- Volcado de datos para la tabla `roles`
--

INSERT INTO `roles` (`id`, `descripcion`) VALUES
(1, '23'),
(2, '21'),
(3, '17'),
(5, '22'),
(6, '16'),
(7, '15'),
(9, '18'),
(12, '20'),
(13, '19'),
(14, '24');

-- --------------------------------------------------------

--
-- Estructura de tabla para la tabla `tareas_preapertura`
--

CREATE TABLE `tareas_preapertura` (
  `id` int NOT NULL,
  `nombre` varchar(50) NOT NULL,
  `descripcion` varchar(150) NOT NULL
) ENGINE=InnoDB DEFAULT CHARSET=utf8mb4 COLLATE=utf8mb4_0900_ai_ci;

--
-- Volcado de datos para la tabla `tareas_preapertura`
--

INSERT INTO `tareas_preapertura` (`id`, `nombre`, `descripcion`) VALUES
(1, 'Montar Salon', 'Barrer, trapear, limpiar todo el salon.'),
(2, 'Montar Terraza 1', 'Barrer, trapear, limpiar todo la terraza.'),
(3, 'Montar Terraza 2', 'Barrer, trapear, limpiar todo la terraza.'),
(4, 'Montar Mezzanin', 'Barrer, trapear, limpiar todo la Mezzanin.'),
(5, 'Limpiar TV', 'Limpiar Televisiones.'),
(6, 'Salsas', 'Colocar salsas en stenes, limpiar ketchups y rellenar muebles pll.');

-- --------------------------------------------------------

--
-- Estructura de tabla para la tabla `usuarios`
--

CREATE TABLE `usuarios` (
  `id` int NOT NULL,
  `usuario` varchar(200) NOT NULL COMMENT 'Nombre de usuario',
  `password` varchar(200) NOT NULL COMMENT 'Contraseña',
  `md5` varchar(200) CHARACTER SET utf8mb4 COLLATE utf8mb4_0900_ai_ci NOT NULL COMMENT 'Contraseña mdh5',
  `tipo_usuario` int NOT NULL COMMENT '1-admin, 2-capitan, 3-usuario'
) ENGINE=InnoDB DEFAULT CHARSET=utf8mb4 COLLATE=utf8mb4_0900_ai_ci;

--
-- Volcado de datos para la tabla `usuarios`
--

INSERT INTO `usuarios` (`id`, `usuario`, `password`, `md5`, `tipo_usuario`) VALUES
(1, 'admin', 'admin', '21232f297a57a5a743894a0e4a801fc3', 1),
(2, 'capitan', 'capitan', 'a85c04ef417c53019e3f59d459178af6', 2),
(3, 'usuario', 'usuario', 'f8032d5cae3de20fcec887f395ec9a6a', 3);

-- --------------------------------------------------------

--
-- Estructura Stand-in para la vista `vista_mesas_color`
-- (Véase abajo para la vista actual)
--
CREATE TABLE `vista_mesas_color` (
`color` varchar(10)
,`rol` int
,`id` int
,`nombre` varchar(50)
,`area_id` int
,`n_personas` int
,`estado` int
,`mesero_nombre` varchar(50)
,`mesero_id` int
,`fecha` date
,`mesa_separada_id` int
,`n_personas_separadas` int
,`nombre_mesa_separadas` varchar(20)
,`estado_mesa_separadas` int
);

-- --------------------------------------------------------

--
-- Estructura Stand-in para la vista `vista_mesas_estaciones`
-- (Véase abajo para la vista actual)
--
CREATE TABLE `vista_mesas_estaciones` (
`rol` int
,`rol_descripcion` text
,`area_id` int
,`estacion` varchar(50)
,`mesas` text
);

-- --------------------------------------------------------

--
-- Estructura Stand-in para la vista `vista_mesero_cliente_mesa`
-- (Véase abajo para la vista actual)
--
CREATE TABLE `vista_mesero_cliente_mesa` (
`cliente_mesa_mesero_id` int
,`cliente_nombre` varchar(100)
,`fecha` date
,`mesa_nombre` varchar(50)
,`mesa_separada_nombre` varchar(20)
,`mesa_final_nombre` varchar(50)
,`n_personas` bigint
,`area_id` bigint
,`mesero_nombre` varchar(50)
,`tipo_mesa` varchar(13)
);

-- --------------------------------------------------------

--
-- Estructura Stand-in para la vista `vista_mesero_mesa`
-- (Véase abajo para la vista actual)
--
CREATE TABLE `vista_mesero_mesa` (
`mesero` varchar(50)
,`estacion` varchar(50)
,`mesas` text
,`fecha` date
,`rol` text
);

-- --------------------------------------------------------

--
-- Estructura para la vista `vista_mesas_color`
--
DROP TABLE IF EXISTS `vista_mesas_color`;

CREATE ALGORITHM=UNDEFINED DEFINER=`root`@`%` SQL SECURITY DEFINER VIEW `vista_mesas_color`  AS SELECT `estaciones`.`color` AS `color`, `roles`.`id` AS `rol`, `mesas`.`id` AS `id`, `mesas`.`nombre` AS `nombre`, `mesas`.`area_id` AS `area_id`, `mesas`.`n_personas` AS `n_personas`, `mesas`.`estado` AS `estado`, `personal`.`nombre` AS `mesero_nombre`, `personal`.`id` AS `mesero_id`, `asignacion_meseros`.`fecha` AS `fecha`, `mesas_separadas`.`id` AS `mesa_separada_id`, `mesas_separadas`.`n_personas` AS `n_personas_separadas`, `mesas_separadas`.`nombre` AS `nombre_mesa_separadas`, `mesas_separadas`.`estado` AS `estado_mesa_separadas` FROM ((((((`asignacion_mesas` join `mesas` on((`asignacion_mesas`.`mesa_id` = `mesas`.`id`))) join `estaciones` on((`asignacion_mesas`.`estacion_id` = `estaciones`.`id`))) join `roles` on((`asignacion_mesas`.`rol_id` = `roles`.`id`))) left join `asignacion_meseros` on(((`asignacion_mesas`.`estacion_id` = `asignacion_meseros`.`estacion_id`) and (`asignacion_mesas`.`rol_id` = `asignacion_meseros`.`rol_id`)))) left join `personal` on((`asignacion_meseros`.`mesero_id` = `personal`.`id`))) left join `mesas_separadas` on(((`mesas`.`id` = `mesas_separadas`.`mesa_id`) and (`mesas_separadas`.`activa` = 1)))) ;

-- --------------------------------------------------------

--
-- Estructura para la vista `vista_mesas_estaciones`
--
DROP TABLE IF EXISTS `vista_mesas_estaciones`;

CREATE ALGORITHM=UNDEFINED DEFINER=`root`@`%` SQL SECURITY DEFINER VIEW `vista_mesas_estaciones`  AS SELECT `roles`.`id` AS `rol`, `roles`.`descripcion` AS `rol_descripcion`, `mesas`.`area_id` AS `area_id`, `estaciones`.`descripcion` AS `estacion`, group_concat(`mesas`.`nombre` order by `mesas`.`nombre` ASC separator ', ') AS `mesas` FROM (((`asignacion_mesas` join `mesas` on((`asignacion_mesas`.`mesa_id` = `mesas`.`id`))) join `estaciones` on((`asignacion_mesas`.`estacion_id` = `estaciones`.`id`))) join `roles` on((`asignacion_mesas`.`rol_id` = `roles`.`id`))) GROUP BY `roles`.`id`, `mesas`.`area_id`, `estaciones`.`descripcion` ;

-- --------------------------------------------------------

--
-- Estructura para la vista `vista_mesero_cliente_mesa`
--
DROP TABLE IF EXISTS `vista_mesero_cliente_mesa`;

CREATE ALGORITHM=UNDEFINED DEFINER=`root`@`%` SQL SECURITY DEFINER VIEW `vista_mesero_cliente_mesa`  AS SELECT `cmm`.`id` AS `cliente_mesa_mesero_id`, `mc`.`nombre` AS `cliente_nombre`, `cmm`.`fecha` AS `fecha`, `m`.`nombre` AS `mesa_nombre`, `ms`.`nombre` AS `mesa_separada_nombre`, coalesce(`m`.`nombre`,`ms`.`nombre`) AS `mesa_final_nombre`, coalesce(`m`.`n_personas`,`ms`.`n_personas`) AS `n_personas`, coalesce(`m`.`area_id`,`ms`.`area_id`) AS `area_id`, `p`.`nombre` AS `mesero_nombre`, (case when (`ms`.`id` is not null) then 'Mesa Separada' else 'Mesa Original' end) AS `tipo_mesa` FROM ((((`cliente_mesa_mesero` `cmm` left join `mesas` `m` on((`cmm`.`mesa_id` = `m`.`id`))) left join `mesas_separadas` `ms` on((`cmm`.`mesa_id` = `ms`.`mesa_id`))) left join `mesa_cliente` `mc` on((`cmm`.`cliente_id` = `mc`.`id`))) left join `personal` `p` on((`cmm`.`mesero_id` = `p`.`id`))) ;

-- --------------------------------------------------------

--
-- Estructura para la vista `vista_mesero_mesa`
--
DROP TABLE IF EXISTS `vista_mesero_mesa`;

CREATE ALGORITHM=UNDEFINED DEFINER=`root`@`%` SQL SECURITY DEFINER VIEW `vista_mesero_mesa`  AS SELECT `me`.`nombre` AS `mesero`, `e`.`descripcion` AS `estacion`, group_concat(`m`.`nombre` order by `m`.`id` ASC separator ', ') AS `mesas`, `ams`.`fecha` AS `fecha`, `r`.`descripcion` AS `rol` FROM (((((`asignacion_meseros` `ams` join `personal` `me` on((`ams`.`mesero_id` = `me`.`id`))) join `estaciones` `e` on((`ams`.`estacion_id` = `e`.`id`))) join `asignacion_mesas` `am` on(((`am`.`estacion_id` = `e`.`id`) and (`am`.`rol_id` = `ams`.`rol_id`)))) join `mesas` `m` on((`am`.`mesa_id` = `m`.`id`))) join `roles` `r` on((`ams`.`rol_id` = `r`.`id`))) GROUP BY `e`.`id`, `me`.`nombre`, `ams`.`fecha`, `r`.`descripcion` ;

--
-- Índices para tablas volcadas
--

--
-- Indices de la tabla `areas`
--
ALTER TABLE `areas`
  ADD PRIMARY KEY (`id`);

--
-- Indices de la tabla `asignacion_mesas`
--
ALTER TABLE `asignacion_mesas`
  ADD PRIMARY KEY (`id`),
  ADD KEY `estacion_id` (`estacion_id`),
  ADD KEY `asignacion_mesas_ibfk_1` (`mesa_id`),
  ADD KEY `asignacion_mesas_ibfk_3` (`rol_id`);

--
-- Indices de la tabla `asignacion_meseros`
--
ALTER TABLE `asignacion_meseros`
  ADD PRIMARY KEY (`id`),
  ADD KEY `mesero_id` (`mesero_id`),
  ADD KEY `estacion_id` (`estacion_id`),
  ADD KEY `rol_id` (`rol_id`);

--
-- Indices de la tabla `cliente_mesa_mesero`
--
ALTER TABLE `cliente_mesa_mesero`
  ADD PRIMARY KEY (`id`),
  ADD KEY `mesero_id` (`mesero_id`),
  ADD KEY `mesa_id` (`mesa_id`),
  ADD KEY `cliente_id` (`cliente_id`),
  ADD KEY `cliente_mesa_mesero_ibfk_4` (`mesa_separada_id`);

--
-- Indices de la tabla `ctn_area_mesero`
--
ALTER TABLE `ctn_area_mesero`
  ADD PRIMARY KEY (`id`),
  ADD KEY `fk_mesero_id` (`mesero_id`),
  ADD KEY `fk_area_id` (`area_id`);

--
-- Indices de la tabla `estaciones`
--
ALTER TABLE `estaciones`
  ADD PRIMARY KEY (`id`);

--
-- Indices de la tabla `mesas`
--
ALTER TABLE `mesas`
  ADD PRIMARY KEY (`id`),
  ADD KEY `area_id` (`area_id`);

--
-- Indices de la tabla `mesas_separadas`
--
ALTER TABLE `mesas_separadas`
  ADD PRIMARY KEY (`id`),
  ADD KEY `mesa_separadas_ibfk_1` (`mesa_id`),
  ADD KEY `mesa_separadas_ibfk_2` (`area_id`);

--
-- Indices de la tabla `mesa_cliente`
--
ALTER TABLE `mesa_cliente`
  ADD PRIMARY KEY (`id`);

--
-- Indices de la tabla `personal`
--
ALTER TABLE `personal`
  ADD PRIMARY KEY (`id`);

--
-- Indices de la tabla `personal_bloqueado`
--
ALTER TABLE `personal_bloqueado`
  ADD PRIMARY KEY (`id`),
  ADD KEY `personal_id` (`personal_id`);

--
-- Indices de la tabla `prediccion_salida`
--
ALTER TABLE `prediccion_salida`
  ADD PRIMARY KEY (`id`);

--
-- Indices de la tabla `roles`
--
ALTER TABLE `roles`
  ADD PRIMARY KEY (`id`);

--
-- Indices de la tabla `tareas_preapertura`
--
ALTER TABLE `tareas_preapertura`
  ADD PRIMARY KEY (`id`);

--
-- Indices de la tabla `usuarios`
--
ALTER TABLE `usuarios`
  ADD PRIMARY KEY (`id`);

--
-- AUTO_INCREMENT de las tablas volcadas
--

--
-- AUTO_INCREMENT de la tabla `areas`
--
ALTER TABLE `areas`
  MODIFY `id` int NOT NULL AUTO_INCREMENT, AUTO_INCREMENT=7;

--
-- AUTO_INCREMENT de la tabla `asignacion_mesas`
--
ALTER TABLE `asignacion_mesas`
  MODIFY `id` int NOT NULL AUTO_INCREMENT, AUTO_INCREMENT=1501;

--
-- AUTO_INCREMENT de la tabla `asignacion_meseros`
--
ALTER TABLE `asignacion_meseros`
  MODIFY `id` int NOT NULL AUTO_INCREMENT, AUTO_INCREMENT=1320;

--
-- AUTO_INCREMENT de la tabla `cliente_mesa_mesero`
--
ALTER TABLE `cliente_mesa_mesero`
  MODIFY `id` int NOT NULL AUTO_INCREMENT, AUTO_INCREMENT=60;

--
-- AUTO_INCREMENT de la tabla `ctn_area_mesero`
--
ALTER TABLE `ctn_area_mesero`
  MODIFY `id` int NOT NULL AUTO_INCREMENT, AUTO_INCREMENT=153;

--
-- AUTO_INCREMENT de la tabla `estaciones`
--
ALTER TABLE `estaciones`
  MODIFY `id` int NOT NULL AUTO_INCREMENT, AUTO_INCREMENT=31;

--
-- AUTO_INCREMENT de la tabla `mesas`
--
ALTER TABLE `mesas`
  MODIFY `id` int NOT NULL AUTO_INCREMENT, AUTO_INCREMENT=89;

--
-- AUTO_INCREMENT de la tabla `mesas_separadas`
--
ALTER TABLE `mesas_separadas`
  MODIFY `id` int NOT NULL AUTO_INCREMENT, AUTO_INCREMENT=1013;

--
-- AUTO_INCREMENT de la tabla `mesa_cliente`
--
ALTER TABLE `mesa_cliente`
  MODIFY `id` int NOT NULL AUTO_INCREMENT, AUTO_INCREMENT=82;

--
-- AUTO_INCREMENT de la tabla `personal`
--
ALTER TABLE `personal`
  MODIFY `id` int NOT NULL AUTO_INCREMENT, AUTO_INCREMENT=42;

--
-- AUTO_INCREMENT de la tabla `personal_bloqueado`
--
ALTER TABLE `personal_bloqueado`
  MODIFY `id` int NOT NULL AUTO_INCREMENT, AUTO_INCREMENT=33;

--
-- AUTO_INCREMENT de la tabla `prediccion_salida`
--
ALTER TABLE `prediccion_salida`
  MODIFY `id` int NOT NULL AUTO_INCREMENT, AUTO_INCREMENT=4;

--
-- AUTO_INCREMENT de la tabla `roles`
--
ALTER TABLE `roles`
  MODIFY `id` int NOT NULL AUTO_INCREMENT, AUTO_INCREMENT=15;

--
-- AUTO_INCREMENT de la tabla `tareas_preapertura`
--
ALTER TABLE `tareas_preapertura`
  MODIFY `id` int NOT NULL AUTO_INCREMENT, AUTO_INCREMENT=7;

--
-- AUTO_INCREMENT de la tabla `usuarios`
--
ALTER TABLE `usuarios`
  MODIFY `id` int NOT NULL AUTO_INCREMENT, AUTO_INCREMENT=4;

--
-- Restricciones para tablas volcadas
--

--
-- Filtros para la tabla `asignacion_mesas`
--
ALTER TABLE `asignacion_mesas`
  ADD CONSTRAINT `asignacion_mesas_ibfk_1` FOREIGN KEY (`mesa_id`) REFERENCES `mesas` (`id`) ON DELETE CASCADE ON UPDATE CASCADE,
  ADD CONSTRAINT `asignacion_mesas_ibfk_2` FOREIGN KEY (`estacion_id`) REFERENCES `estaciones` (`id`),
  ADD CONSTRAINT `asignacion_mesas_ibfk_3` FOREIGN KEY (`rol_id`) REFERENCES `roles` (`id`) ON DELETE CASCADE;

--
-- Filtros para la tabla `asignacion_meseros`
--
ALTER TABLE `asignacion_meseros`
  ADD CONSTRAINT `asignacion_meseros_ibfk_1` FOREIGN KEY (`mesero_id`) REFERENCES `personal` (`id`) ON DELETE CASCADE,
  ADD CONSTRAINT `asignacion_meseros_ibfk_2` FOREIGN KEY (`estacion_id`) REFERENCES `estaciones` (`id`) ON DELETE CASCADE,
  ADD CONSTRAINT `asignacion_meseros_ibfk_3` FOREIGN KEY (`rol_id`) REFERENCES `roles` (`id`) ON DELETE CASCADE;

--
-- Filtros para la tabla `cliente_mesa_mesero`
--
ALTER TABLE `cliente_mesa_mesero`
  ADD CONSTRAINT `cliente_mesa_mesero_ibfk_1` FOREIGN KEY (`mesero_id`) REFERENCES `personal` (`id`) ON DELETE SET NULL ON UPDATE CASCADE,
  ADD CONSTRAINT `cliente_mesa_mesero_ibfk_2` FOREIGN KEY (`mesa_id`) REFERENCES `mesas` (`id`) ON DELETE SET NULL ON UPDATE CASCADE,
  ADD CONSTRAINT `cliente_mesa_mesero_ibfk_3` FOREIGN KEY (`cliente_id`) REFERENCES `mesa_cliente` (`id`) ON DELETE SET NULL ON UPDATE CASCADE,
  ADD CONSTRAINT `cliente_mesa_mesero_ibfk_4` FOREIGN KEY (`mesa_separada_id`) REFERENCES `mesas_separadas` (`id`) ON DELETE SET NULL ON UPDATE CASCADE;

--
-- Filtros para la tabla `ctn_area_mesero`
--
ALTER TABLE `ctn_area_mesero`
  ADD CONSTRAINT `fk_area_id` FOREIGN KEY (`area_id`) REFERENCES `areas` (`id`) ON DELETE CASCADE ON UPDATE CASCADE,
  ADD CONSTRAINT `fk_mesero_id` FOREIGN KEY (`mesero_id`) REFERENCES `personal` (`id`) ON DELETE CASCADE ON UPDATE CASCADE;

--
-- Filtros para la tabla `mesas`
--
ALTER TABLE `mesas`
  ADD CONSTRAINT `mesas_ibfk_1` FOREIGN KEY (`area_id`) REFERENCES `areas` (`id`) ON DELETE SET NULL ON UPDATE CASCADE;

--
-- Filtros para la tabla `mesas_separadas`
--
ALTER TABLE `mesas_separadas`
  ADD CONSTRAINT `mesa_separadas_ibfk_1` FOREIGN KEY (`mesa_id`) REFERENCES `mesas` (`id`) ON DELETE SET NULL ON UPDATE CASCADE,
  ADD CONSTRAINT `mesa_separadas_ibfk_2` FOREIGN KEY (`area_id`) REFERENCES `areas` (`id`) ON DELETE SET NULL ON UPDATE CASCADE;

--
-- Filtros para la tabla `personal_bloqueado`
--
ALTER TABLE `personal_bloqueado`
  ADD CONSTRAINT `personal_bloqueado_ibfk_1` FOREIGN KEY (`personal_id`) REFERENCES `personal` (`id`);
COMMIT;

/*!40101 SET CHARACTER_SET_CLIENT=@OLD_CHARACTER_SET_CLIENT */;
/*!40101 SET CHARACTER_SET_RESULTS=@OLD_CHARACTER_SET_RESULTS */;
/*!40101 SET COLLATION_CONNECTION=@OLD_COLLATION_CONNECTION */;
